studyID,esID,yi,vi,year,time
A1,1,0.533733731050182,0.184018034602504,2015,1
A1,2,0.296116599239665,0.169288597854046,2015,1
A1,3,-0.155386371001423,0.182570482049128,2015,4
A1,4,0.131015334403368,0.199389417156022,2015,4
A2,5,3.44422681796512,0.297267222358345,2015,1
A2,6,4.37645743298221,0.518175329119287,2015,2
B1,7,0.874010738002297,0.137805836806346,2008,1
B1,8,1.28539695170565,0.162680953760452,2008,1
B1,9,1.3816043075105,0.158141211392003,2008,1
B1,10,0.39544390719508,0.144786184969652,2008,4
B1,11,0.68412154461385,0.15944329131583,2008,4
B1,12,0.840489804063828,0.160004899746149,2008,4
B2,13,0.685256679111567,0.197871297337998,2010,1
B2,14,0.284456897067807,0.123268265180183,2010,1
B2,15,0.932902038808627,0.221406740468044,2010,1
B2,16,0.723050548009987,0.197532099671785,2010,4
B2,17,0.260037972520419,0.122194925719761,2010,4
B2,18,1.07574778768054,0.232994837600086,2010,4
B3,19,2.23580048872158,0.489246138041972,2010,1
B3,20,1.2856505005234,0.292697090176833,2010,1
B3,21,0.741619417647072,0.219739219161974,2010,1
B3,22,1.77477930764387,0.279077755542188,2010,4
B3,23,1.52749929357864,0.243683452302407,2010,4
B3,24,1.32949026643913,0.219634782065959,2010,4
B3,25,1.74952437589891,0.326825891010503,2010,4
B3,26,1.40253098101932,0.269150991024652,2010,4
B3,27,0.931911440415526,0.209663807806552,2010,4
B3,28,2.53617175568473,0.448541581685456,2010,4
B3,29,1.98211435174203,0.330814744577102,2010,4
B3,30,1.31656934509598,0.228922371788332,2010,4
B4,31,0.659280404456532,0.11858792056832,2005,3
B4,32,-0.493579287454924,0.144618220871329,2005,3
B4,33,-0.515658588352911,0.120262423608392,2005,3
B4,34,-0.697550641162445,0.127801304891193,2005,3
B4,35,0.94763986161502,0.127560079864346,2005,3
B4,36,0.0110299685560246,0.123613311527171,2005,3
B5,37,1.24618767477481,0.0923950096920787,2018,1
B5,38,0.809034721779688,0.0805349825742304,2018,1
B5,39,1.62384536053267,0.104431928836983,2018,3
B5,40,0.922018218192253,0.0816372988446351,2018,3
B6,41,0.557805006003365,0.0548233706710668,2017,2
B6,42,0.593319026886346,0.0533134340006485,2017,2
B6,43,0.415602289950288,0.0493211372620684,2017,2
B6,44,-0.13246521045376,0.0487610947269998,2017,2
B6,45,0.392256498467413,0.0504691988744719,2017,2
B6,46,0.283194721658328,0.0490258286346125,2017,2
B6,47,0.192419521661366,0.04977346875446,2017,2
B6,48,0.074926089924349,0.0467887133587117,2017,2
B6,49,0.202292637417244,0.0486050219056356,2017,2
B6,50,0.250094003085669,0.0469990664117668,2017,2
B6,51,0.0260804762928364,0.0482257745546581,2017,2
B6,52,0.266946240984036,0.0475084305613577,2017,2
B6,53,-0.209151391140702,0.0492422878333933,2017,2
B6,54,0.66314684691257,0.050917626006471,2017,2
B6,55,0.0798625112392594,0.0518597547476558,2017,2
B6,56,0.13171675265625,0.0484539028259902,2017,2
D1,57,0.31918384460853,0.130078257049315,2015,1
D1,58,0.28418224744817,0.116071790343883,2015,1
D1,59,0.9658362029661,0.277772268669728,2015,1
D1,60,0.262035633742091,0.175239481931224,2015,1
D1,61,0.244790562443129,0.127774200438216,2015,4
D1,62,0.048659745383283,0.123853085814772,2015,4
D1,63,1.26193206891044,0.257619387690397,2015,4
D1,64,0.298658831638583,0.140797911383429,2015,4
D2,65,-0.0241685015949921,0.11013982417938,2016,1
D2,66,0.0568627587441545,0.135576484149871,2016,1
D2,67,0.354332655652059,0.119422529324049,2016,4
D2,68,-0.660567453516488,0.117639390265784,2016,4
D3,69,0.121189025339476,0.0263679229899034,2013,2
D3,70,0.371773793739,0.0275620767039118,2013,2
D3,71,0.393664306877478,0.029358199552414,2013,2
D3,72,0.231431157092322,0.0301145921242802,2013,2
E1,73,-0.015005115150573,0.139319112562302,2019,1
E1,74,0.547737750971412,0.121638330037489,2019,1
E1,75,-0.0969807106429733,0.130469555056224,2019,4
E1,76,0.235252780060667,0.118000371839138,2019,4
E2,77,-0.0130216304538143,0.237490609060129,2008,1
E2,78,0.714488555800947,0.291588999422319,2008,1
E2,79,1.88572881097081,0.492585233170774,2008,3
E2,80,1.13293300385717,0.283074424694203,2008,3
E3,81,1.09360336692451,0.173886147165649,2011,2
F1,82,-0.130891968167729,0.132698955109668,2001,2
F1,83,-0.546790607545667,0.153290599672889,2001,2
F2,84,1.04850253537193,0.213118104721936,2016,1
F2,85,1.16097891876459,0.201019175184255,2016,1
F2,86,1.05077436314711,0.200295623619601,2016,2
F2,87,0.988105133817288,0.173344643007713,2016,2
G1,88,0.634801653775922,0.08527821225038,2015,1
G1,89,0.907663757910602,0.0968482895928841,2015,1
G1,90,0.992871666083619,0.10053772568404,2015,1
G1,91,1.27900140830151,0.115425890561938,2015,1
G1,92,0.939439876252942,0.100956061851077,2015,1
G1,93,0.364980419236732,0.0814982045113036,2015,3
G1,94,0.543467407017684,0.0878112913936842,2015,3
G1,95,0.34673401682248,0.0829995262306195,2015,3
G1,96,0.922574298765354,0.10221803911132,2015,3
G1,97,0.497394923578767,0.0887127744063931,2015,3
G1,98,0.939511403195125,0.0981582595852669,2015,4
G1,99,0.215926341283339,0.0801413457850507,2015,4
G1,100,0.852552413754678,0.0970303596224373,2015,4
G1,101,0.680116978808277,0.0905732572307998,2015,4
G1,102,0.770943673708781,0.0963555852807241,2015,4
H1,103,0.99360193452008,0.197094803263924,2015,2
H2,104,0.830466141543246,0.0977642900532754,2008,2
H2,105,0.948223419078389,0.0993596009442408,2008,2
H2,106,0.381740694582961,0.0933057909947158,2008,2
H2,107,-0.25081898935811,0.089685506744556,2008,2
J1,108,1.06806647384814,0.0955454756652663,2014,1
J1,109,0.669985341046403,0.0765746804374953,2014,1
J1,110,1.30219822906199,0.107650927545419,2014,3
J1,111,0.7841841112116,0.0802101669174239,2014,3
K1,112,-0.450380236426729,0.0939546775079582,2019,2
K1,113,-1.43672871548341,0.141697860056652,2019,2
K1,114,0.348524994619039,0.107266411613972,2019,2
K1,115,-1.060783962133,0.126394172190849,2019,3
K1,116,-1.88761033644366,0.197511108913246,2019,3
K1,117,-0.329231355389367,0.112564550633593,2019,3
K1,118,-0.796155566148342,0.11174300167684,2019,3
K1,119,-1.42715630254402,0.154379660826485,2019,3
K1,120,0.282406758176045,0.104371255126012,2019,3
K2,121,0.161215942790583,0.163998149553131,2018,2
K2,122,0.122666065535386,0.179335475039086,2018,2
K2,123,0.710722343601203,0.21378658224393,2018,2
K3,124,0.856788205075705,0.0776182169615898,2014,1
K3,125,1.30684943190469,0.0940064799368151,2014,1
K3,126,0.941233398763545,0.0795843981274918,2014,4
K3,127,1.27431587436144,0.0917870066730642,2014,4
M1,128,0.917324928148963,0.171792967382072,2013,1
M1,129,0.102084383192142,0.141232253058697,2013,1
M1,130,0.755188342889942,0.222970701111309,2013,1
M1,131,1.17603345492417,0.282494253056549,2013,1
M1,132,0.528774787752971,0.209872997007323,2013,1
M1,133,-0.118904904478126,0.174087098720976,2013,1
M1,134,-0.0883445934593407,0.159074638214603,2013,1
M1,135,0.539086991276928,0.200635460572065,2013,1
M1,136,0.985088560971543,0.155721605019743,2013,4
M1,137,0.740817727726986,0.152717912323804,2013,4
M1,138,-0.492667996207952,0.181347059678958,2013,4
M1,139,-1.36954794759565,0.281555738415687,2013,4
M1,140,0.206464073501867,0.158865609255371,2013,4
M1,141,-0.158771197318056,0.151138471375121,2013,4
M1,142,-0.361055682172558,0.162000566121393,2013,4
M1,143,0.266135312922752,0.195949902738684,2013,4
M2,144,0.489898729092042,0.111717550629633,2011,2
M2,145,-0.14280378367668,0.112788432993189,2011,2
N1,146,0.620710702368247,0.208784779596587,2006,4
N1,147,0.527007380034917,0.205959531215313,2006,4
N1,148,0.207225597360211,0.211243203618139,2006,4
N2,149,4.61358441288711,0.288405798168953,2019,2
N2,150,2.3758260972949,0.131546574480461,2019,2
N2,151,5.09306208963808,0.33372266898333,2019,3
N2,152,2.86854244227475,0.278856247032962,2019,3
N3,153,-0.221041088355401,0.0806611091002497,2019,1
N3,154,-0.187041905711012,0.0890116598069869,2019,2
N3,155,1.51767743625692,0.114318200857588,2019,3
P1,156,1.24147843133176,0.258968209219675,2016,1
P1,157,0.0505856735711715,0.168541165498223,2016,3
P2,158,0.339953764909487,0.124314557173064,2015,2
P2,159,-0.229188603739444,0.136990734704869,2015,2
P2,160,0.805596811531091,0.138012640795726,2015,2
P2,161,0.0350134722964955,0.114419247043296,2015,2
P2,162,0.0509640266205699,0.13587307621467,2015,2
P2,163,1.66586451123747,0.189210109924931,2015,2
P2,164,0.585128585839941,0.123946554194774,2015,2
P2,165,0.774271970572889,0.148355472835082,2015,2
P2,166,2.21518558755498,0.201640707750147,2015,2
P2,167,0.630444444973632,0.135549719689303,2015,2
P2,168,0.72428667324827,0.174417492597497,2015,2
P2,169,1.24811705616927,0.166868501558656,2015,2
P3,170,0.900068174622215,0.127904260778514,2017,1
P3,171,0.203265731604329,0.116971889840658,2017,1
P3,172,0.921626870459507,0.167113934281029,2017,1
P3,173,0.140525660419656,0.0981371493438969,2017,3
P3,174,-0.075847052653335,0.110488661185011,2017,3
P3,175,0.00164413362599641,0.115794051407667,2017,3
P4,176,0.0902696697853493,0.065575480627207,1998,2
P4,177,0.322208575040296,0.0636758040661964,1998,2
R1,178,0.128260410256498,0.089553021458665,2009,3
R2,179,1.01549213011661,0.266213302118412,2015,2
R2,180,0.926302958001628,0.253933234292628,2015,2
R2,181,1.40793265541154,0.307002424315315,2015,2
R2,182,0.650777091371106,0.225077258080548,2015,3
R2,183,0.597846861299872,0.220152870418151,2015,3
R2,184,0.849264907093409,0.231147120352127,2015,3
S1,185,4.00936112458797,0.545046003487583,2017,2
S2,186,0.38570081291203,0.0784585185025546,2007,1
S2,187,0.568675940665436,0.0820838533221739,2007,1
S2,188,0.325614693173099,0.0775129543691044,2007,3
S2,189,0.839819690987977,0.0921837434991171,2007,3
S3,190,0.827999907319416,0.0910428892103912,2010,1
S3,191,0.761571107130179,0.0868668470316563,2010,1
S3,192,0.885438946243016,0.0898701379863993,2010,3
S3,193,1.12926915210519,0.0982509561108291,2010,3
S4,194,0.707119717371796,0.163199606352906,2009,2
S4,195,-0.373623369667183,0.11311840451215,2009,2
S4,196,0.926753834655856,0.166781223770459,2009,2
S4,197,-0.153989252383122,0.116700021929704,2009,2
S4,198,0.286185689484045,0.134110105407639,2009,2
S4,199,0.474397474032417,0.14774477874843,2009,2
S4,200,0.505819806768106,0.137691722825192,2009,2
S4,201,0.694031591316478,0.151326396165984,2009,2
S4,202,0.772083323569966,0.1631446142297,2009,3
S4,203,0.0125607489059262,0.119658360771637,2009,3
S4,204,-0.322915024514901,0.27445536388751,2009,3
S4,205,-1.08243759917894,0.230969110429446,2009,3
S4,206,0.455826821782387,0.138920715281533,2009,3
S4,207,0.387076763040713,0.138641388790698,2009,3
S4,208,-0.639171526302481,0.250231464939343,2009,3
S4,209,-0.707921585044154,0.249952138448508,2009,3
S5,210,1.23236051088778,0.200590241173476,2013,2
S5,211,0.601111073162714,0.139259982521496,2013,2
S5,212,0.0519818171327476,0.140737112429359,2013,2
S5,213,0.250958076942044,0.134256387231534,2013,2
S6,214,0.248388483444095,0.140267988826061,2015,2
S6,215,0.419239052983138,0.146863529388695,2015,2
S7,216,-0.48773476956064,0.0749615679243671,2015,1
S7,217,0.127126814395854,0.0844782786254732,2015,1
S7,218,2.04388347973594,0.121160913761323,2015,1
S7,219,1.80263044742143,0.107537723271005,2015,1
S7,220,-0.125981086558863,0.0715305377353601,2015,2
S7,221,0.508273778907515,0.084603504137023,2015,2
S7,222,1.97319604967966,0.128299780365316,2015,2
S7,223,1.85895562623218,0.120961409558566,2015,2
S8,224,0.736287357081123,0.238164285501941,2013,3
S8,225,0.0949113687213979,0.184695135775076,2013,3
T1,226,1.77505001846034,0.325134600449978,2018,1
T1,227,1.73240034468055,0.31800325649491,2018,1
T1,228,1.83077642242324,0.315960152001173,2018,2
T1,229,1.37524021558576,0.2681329945975,2018,2
T2,230,-0.0827457874590729,0.116422796577804,2008,2
V1,231,-0.891102340464755,0.141254471716809,2008,2
V1,232,0.249398872662132,0.127477789120207,2008,2
V1,233,-1.31611831724078,0.182024466391446,2008,2
V1,234,-0.175617104113897,0.168247783794843,2008,2
V1,235,-1.04571471102738,0.133741237397349,2008,2
V1,236,-0.285027144101907,0.123490937070728,2008,2
V1,237,-0.767449206768956,0.141505897346333,2008,2
V1,238,-0.00676163984348034,0.131255597019712,2008,2
V2,239,0.524209955547241,0.0602663025795669,2012,2
V2,240,0.176923207645642,0.0616858176000371,2012,2
V2,241,0.659341781475375,0.0638032370432677,2012,2
V2,242,0.312430127482241,0.0663402758105111,2012,2
V2,243,0.815803825242612,0.064361496126780507,2012,3
V2,244,0.144190116879434,0.0605037431891705,2012,3
V2,245,1.12136768764482,0.0699742077892084,2012,3
V2,246,0.450284038843532,0.067063121051828,2012,3
V3,247,0.675623502857053,0.0627713152273994,2012,2
V3,248,-0.0583938041000662,0.0632997727096982,2012,2
V3,249,0.782262384365676,0.0643377230373412,2012,2
V3,250,0.0482450774085564,0.06486618051964,2012,2
V3,251,0.466878459636009,0.0601743549161461,2012,3
V3,252,-0.0023591696840046302,0.0651463150701861,2012,3
V3,253,0.485065041944739,0.0611562109065399,2012,3
V3,254,0.0158274126247254,0.0661281710605799,2012,3
W1,255,0.416149056650315,0.104992586283352,2016,3
W2,256,0.678153062302896,0.0813056181886833,2017,3
W2,257,0.538078446741791,0.076597544819426,2017,3
Y1,258,0.600488672722514,0.0729394801447638,2017,1
Y1,259,0.386961085479868,0.0713829147537923,2017,2
Z1,260,-0.820966382699331,0.102323745081829,2017,2
Z1,261,-0.734246482239525,0.0969029118420729,2017,3
